char,count,id
，,685605,1
0,569585,2
1,529078,3
 ,460110,4
2,407112,5
5,358213,6
9,355889,7
用,331815,8
谢,290968,9
8,280621,10
户,278270,11
3,266348,12
7,223202,13
6,220648,14
请,191477,15
要,162230,16
协,152398,17
4,150551,18
理,145681,19
助,142540,20
号,135198,21
电,132418,22
有,123264,23
求,118529,24
费,113862,25
的,105428,26
示,99130,27
不,95416,28
来,90942,29
机,89080,30
表,86365,31
：,83812,32
是,80960,33
处,80061,34
烦,77642,35
在,68463,36
办,66242,37
码,65492,38
系,64887,39
联,60944,40
月,58881,41
-,58482,42
没,55572,43
。,55109,44
实,54642,45
！,53103,46
反,53083,47
信,52580,48
我,52084,49
人,51956,50
业,51890,51
元,50764,52
现,50711,53
带,49502,54
移,48914,55
知,48357,56
宽,48057,57
话,47350,58
已,47204,59
区,47123,60
核,45908,61
司,45875,62
自,45183,63
单,45050,64
地,44597,65
了,42691,66
告,42367,67
一,42300,68
查,41208,69
上,40995,70
门,40603,71
到,40341,72
个,40167,73
映,40105,74
员,40015,75
工,39686,76
餐,39223,77
套,38555,78
无,38323,79
时,37768,80
址,37256,81
前,36779,82
己,36659,83
"
",36437,84
对,35925,85
流,34553,86
接,34370,87
量,32625,88
其,32380,89
还,31030,90
同,31007,91
里,29784,92
作,29501,93
为,28855,94
诉,28350,95
F,28321,96
申,28303,97
安,28215,98
询,28133,99
通,27853,100
线,27582,101
厦,27528,102
路,27313,103
取,26954,104
天,26601,105
营,26196,106
务,25073,107
客,25022,108
装,24891,109
使,24886,110
受,24807,111
投,24675,112
",",24635,113
新,24263,114
但,24061,115
法,23889,116
厅,23776,117
:,23695,118
/,23440,119
本,22596,120
都,22387,121
下,22199,122
提,22195,123
包,22192,124
消,21974,125
过,21973,126
么,21776,127
后,21730,128
；,21523,129
解,20981,130
能,20851,131
经,20694,132
这,20620,133
卡,20343,134
收,20321,135
份,20156,136
生,20101,137
问,20070,138
.,19969,139
道,19714,140
发,19603,141
可,19515,142
明,19408,143
并,19159,144
D,19087,145
订,19059,146
退,18654,147
给,18379,148
议,18273,149
手,17794,150
改,17774,151
此,17298,152
和,17290,153
认,17209,154
以,17004,155
打,16893,156
题,16793,157
）,16790,158
|,16687,159
之,16661,160
网,16644,161
（,16511,162
就,16483,163
开,16381,164
欠,16338,165
看,16338,166
产,16170,167
称,16159,168
【,15976,169
释,15915,170
去,15908,171
街,15791,172
】,15704,173
湖,15442,174
J,15422,175
内,15390,176
急,15352,177
合,15319,178
加,15301,179
什,15284,180
免,15181,181
光,15163,182
固,15021,183
I,14829,184
短,14710,185
说,14702,186
(,14612,187
未,14457,188
次,14339,189
),14338,190
证,14293,191
清,14275,192
多,13940,193
G,13830,194
*,13684,195
年,13665,196
当,13396,197
T,13386,198
建,13381,199
息,13327,200
行,13235,201
会,13218,202
导,13031,203
更,12998,204
直,12936,205
名,12907,206
出,12889,207
中,12846,208
满,12835,209
高,12802,210
公,12761,211
也,12746,212
V,12502,213
异,12485,214
分,12467,215
思,12426,216
翼,12354,217
销,12293,218
否,12080,219
回,12074,220
福,12035,221
金,11929,222
账,11870,223
快,11507,224
需,11453,225
他,11406,226
购,11137,227
集,11120,228
美,11085,229
方,10805,230
尽,10765,231
复,10714,232
扣,10610,233
馈,10608,234
意,10533,235
常,10469,236
部,10345,237
M,10184,238
拆,10094,239
村,9998,240
限,9983,241
停,9972,242
海,9513,243
记,9500,244
该,9423,245
减,9393,246
缴,9384,247
资,9376,248
、,9341,249
再,9309,250
注,9245,251
送,9234,252
主,9123,253
果,9040,254
代,9031,255
期,8886,256
间,8808,257
今,8799,258
疑,8727,259
换,8707,260
超,8694,261
按,8500,262
功,8492,263
融,8482,264
情,8456,265
结,8331,266
预,8330,267
定,8285,268
日,8242,269
催,8241,270
何,8187,271
成,8186,272
点,8168,273
被,8164,274
进,8160,275
由,8152,276
国,8105,277
每,8056,278
大,8046,279
惠,8044,280
楼,8005,281
正,7893,282
外,7844,283
企,7837,284
=,7831,285
支,7813,286
咨,7787,287
修,7755,288
园,7664,289
i,7644,290
动,7560,291
且,7505,292
额,7505,293
见,7490,294
供,7449,295
？,7426,296
入,7400,297
只,7383,298
付,7321,299
障,7302,300
市,7298,301
返,7286,302
候,7234,303
镇,7171,304
登,7069,305
t,7064,306
;,7061,307
引,7049,308
故,7029,309
面,6959,310
彩,6913,311
值,6882,312
社,6877,313
服,6857,314
致,6827,315
山,6771,316
转,6751,317
于,6746,318
好,6746,319
顶,6738,320
铃,6723,321
商,6707,322
展,6695,323
小,6660,324
强,6614,325
件,6603,326
西,6601,327
体,6533,328
原,6466,329
设,6458,330
盒,6441,331
子,6434,332
争,6422,333
况,6411,334
票,6310,335
关,6295,336
特,6289,337
省,6275,338
拨,6274,339
因,6177,340
统,6127,341
讯,6114,342
局,6086,343
重,6071,344
很,6068,345
头,6035,346
R,6031,347
店,5998,348
两,5929,349
猫,5889,350
烈,5844,351
东,5831,352
所,5750,353
A,5677,354
沧,5590,355
及,5531,356
义,5520,357
声,5507,358
交,5491,359
具,5452,360
二,5445,361
确,5405,362
音,5397,363
身,5365,364
江,5364,365
林,5357,366
家,5337,367
变,5246,368
滨,5242,369
帮,5196,370
三,5154,371
显,5117,372
约,5103,373
效,5092,374
录,5086,375
与,5070,376
落,5035,377
应,5035,378
c,5031,379
报,5031,380
翔,5011,381
口,4963,382
@,4927,383
台,4910,384
备,4887,385
活,4872,386
莲,4859,387
北,4832,388
P,4811,389
才,4811,390
级,4791,391
速,4695,392
置,4687,393
至,4682,394
全,4650,395
测,4648,396
团,4624,397
保,4608,398
呼,4599,399
际,4573,400
把,4566,401
然,4556,402
v,4510,403
马,4503,404
怎,4481,405
先,4393,406
愿,4365,407
十,4304,408
跟,4292,409
续,4210,410
充,4192,411
存,4173,412
场,4152,413
城,4091,414
如,4063,415
端,4046,416
向,4042,417
那,4025,418
几,4021,419
首,3998,420
态,3981,421
买,3948,422
将,3906,423
南,3873,424
增,3873,425
副,3856,426
专,3851,427
室,3848,428
述,3829,429
条,3815,430
品,3807,431
数,3795,432
们,3777,433
程,3775,434
从,3775,435
C,3758,436
想,3734,437
描,3727,438
队,3657,439
杏,3651,440
掉,3651,441
违,3640,442
房,3591,443
位,3578,444
印,3576,445
维,3556,446
播,3552,447
禾,3528,448
据,3485,449
e,3481,450
长,3456,451
试,3438,452
视,3434,453
撤,3413,454
优,3391,455
B,3384,456
激,3364,457
组,3327,458
样,3314,459
又,3305,460
校,3302,461
调,3297,462
L,3293,463
+,3288,464
非,3233,465
编,3207,466
途,3199,467
络,3196,468
算,3194,469
租,3191,470
目,3187,471
制,3187,472
a,3185,473
错,3172,474
持,3163,475
五,3154,476
昨,3106,477
花,3101,478
任,3080,479
享,3065,480
补,3054,481
吗,3050,482
],3016,483
心,3006,484
[,3005,485
O,3003,486
绑,2999,487
边,2983,488
n,2921,489
张,2895,490
坚,2881,491
失,2838,492
让,2835,493
找,2823,494
详,2819,495
升,2799,496
银,2797,497
底,2797,498
误,2795,499
度,2786,500
余,2782,501
邮,2779,502
起,2754,503
完,2745,504
源,2721,505
钟,2708,506
红,2702,507
派,2697,508
验,2689,509
积,2672,510
或,2671,511
近,2645,512
o,2645,513
则,2629,514
密,2627,515
政,2601,516
双,2599,517
断,2599,518
平,2577,519
式,2554,520
渠,2544,521
哪,2527,522
推,2521,523
智,2520,524
版,2516,525
华,2491,526
嘉,2451,527
规,2440,528
刚,2439,529
照,2422,530
赠,2400,531
别,2377,532
醒,2357,533
文,2353,534
答,2350,535
等,2342,536
决,2305,537
另,2303,538
"""",2299,539
厝,2297,540
属,2287,541
老,2259,542
叫,2252,543
器,2237,544
走,2235,545
七,2228,546
午,2218,547
第,2214,548
学,2206,549
微,2199,550
而,2149,551
广,2124,552
祥,2120,553
事,2116,554
始,2114,555
纤,2093,556
细,2082,557
万,2046,558
溪,2023,559
塘,2022,560
操,2016,561
栋,2013,562
启,2006,563
配,2005,564
陈,1997,565
钱,1987,566
归,1969,567
N,1960,568
兑,1952,569
状,1952,570
共,1950,571
S,1948,572
差,1945,573
选,1936,574
!,1924,575
旧,1922,576
水,1922,577
款,1910,578
洪,1893,579
挂,1888,580
乐,1883,581
容,1870,582
做,1860,583
r,1856,584
百,1854,585
龙,1853,586
相,1847,587
响,1842,588
标,1840,589
埔,1824,590
早,1823,591
却,1809,592
笔,1803,593
“,1784,594
排,1782,595
楚,1762,596
最,1760,597
s,1753,598
计,1748,599
性,1738,600
”,1728,601
m,1721,602
少,1720,603
巷,1715,604
除,1709,605
域,1703,606
得,1694,607
待,1692,608
g,1691,609
听,1680,610
景,1679,611
众,1675,612
互,1653,613
周,1644,614
湾,1643,615
权,1638,616
星,1636,617
阳,1634,618
欢,1633,619
忙,1631,620
予,1621,621
介,1612,622
闭,1592,623
库,1592,624
箱,1587,625
技,1582,626
久,1580,627
连,1573,628
售,1562,629
领,1561,630
拿,1556,631
绍,1555,632
附,1548,633
仍,1547,634
竣,1541,635
港,1509,636
即,1506,637
败,1495,638
空,1492,639
涉,1476,640
语,1475,641
立,1475,642
d,1461,643
承,1458,644
州,1457,645
者,1449,646
你,1445,647
h,1428,648
达,1421,649
桥,1418,650
_,1406,651
托,1394,652
类,1386,653
l,1384,654
灌,1365,655
兆,1363,656
兴,1359,657
殿,1356,658
半,1346,659
些,1346,660
必,1345,661
寓,1345,662
节,1344,663
项,1343,664
屏,1332,665
黄,1330,666
留,1326,667
易,1325,668
四,1325,669
检,1324,670
字,1322,671
着,1307,672
爱,1303,673
管,1297,674
根,1286,675
千,1280,676
影,1265,677
总,1261,678
恢,1260,679
缆,1258,680
f,1250,681
师,1248,682
比,1245,683
p,1243,684
贵,1242,685
终,1238,686
贸,1235,687
精,1235,688
科,1226,689
游,1224,690
慢,1224,691
频,1224,692
赔,1217,693
u,1208,694
片,1204,695
她,1204,696
晚,1202,697
白,1195,698
傅,1195,699
骗,1194,700
责,1189,701
望,1186,702
折,1184,703
站,1175,704
H,1169,705
偿,1168,706
#,1166,707
缺,1164,708
倾,1159,709
官,1159,710
英,1159,711
织,1153,712
抵,1152,713
乱,1145,714
促,1136,715
宝,1134,716
浦,1126,717
整,1121,718
环,1115,719
运,1115,720
梧,1114,721
软,1110,722
柯,1108,723
石,1106,724
陷,1105,725
b,1102,726
岭,1097,727
您,1096,728
班,1092,729
章,1088,730
须,1077,731
块,1074,732
右,1070,733
截,1069,734
民,1068,735
左,1064,736
凤,1063,737
岛,1062,738
车,1054,739
坏,1050,740
鹭,1049,741
便,1042,742
梯,1034,743
物,1021,744
施,1020,745
观,1016,746
诈,1008,747
档,1006,748
暂,1002,749
图,1002,750
料,999,751
李,999,752
造,997,753
识,996,754
W,996,755
E,991,756
初,980,757
率,976,758
U,976,759
拉,974,760
院,970,761
鱼,968,762
尚,959,763
w,950,764
术,949,765
继,949,766
?,946,767
撑,944,768
王,944,769
往,938,770
友,926,771
剩,924,772
基,922,773
参,921,774
筜,919,775
Q,919,776
筼,913,777
符,912,778
纳,910,779
云,906,780
漫,905,781
象,905,782
低,905,783
止,903,784
侨,900,785
较,898,786
岳,896,787
放,894,788
划,886,789
蔡,883,790
诺,882,791
普,879,792
均,878,793
懂,877,794
太,875,795
案,873,796
士,868,797
税,863,798
女,858,799
写,853,800
签,849,801
蔽,836,802
八,833,803
批,828,804
传,824,805
吴,823,806
含,821,807
许,814,808
庄,805,809
泉,805,810
宿,802,811
X,792,812
帐,791,813
六,789,814
热,785,815
宅,780,816
世,778,817
枋,770,818
屿,769,819
寄,768,820
米,763,821
希,761,822
种,752,823
朋,749,824
委,741,825
页,737,826
格,736,827
护,736,828
坂,735,829
墙,731,830
越,727,831
繁,727,832
　,727,833
曾,727,834
盖,718,835
段,716,836
田,712,837
苑,701,838
突,697,839
锦,697,840
K,697,841
悦,692,842
坑,689,843
志,687,844
博,686,845
垵,685,846
迁,684,847
假,682,848
丽,676,849
春,674,850
型,673,851
化,672,852
刘,671,853
黑,667,854
扰,661,855
井,658,856
舍,654,857
旁,651,858
缘,651,859
围,649,860
亭,640,861
陆,637,862
准,633,863
离,630,864
负,628,865
古,627,866
航,626,867
审,622,868
损,618,869
借,614,870
价,613,871
书,609,872
居,607,873
呢,598,874
斥,595,875
输,595,876
孩,593,877
谁,588,878
沟,582,879
尾,581,880
汇,581,881
觉,580,882
灵,580,883
仙,580,884
盛,578,885
绪,574,886
鑫,572,887
径,569,888
束,565,889
载,564,890
永,562,891
甩,557,892
九,555,893
Y,553,894
质,552,895
若,552,896
控,550,897
亲,549,898
册,549,899
q,547,900
青,546,901
材,544,902
模,542,903
依,542,904
脑,541,905
股,538,906
杆,536,907
岸,532,908
厂,530,909
布,528,910
远,527,911
鸿,526,912
弄,525,913
~,521,914
割,518,915
火,517,916
虚,515,917
兜,512,918
丢,511,919
富,510,920
叶,507,921
欺,506,922
霞,504,923
步,503,924
利,501,925
稳,499,926
麻,495,927
住,493,928
采,488,929
%,486,930
扬,485,931
冲,485,932
弱,485,933
康,485,934
够,484,935
骚,478,936
随,474,937
姓,473,938
礼,470,939
宁,468,940
香,466,941
卖,465,942
择,465,943
柜,464,944
迟,462,945
延,457,946
杨,457,947
>,456,948
访,455,949
气,454,950
肯,454,951
指,452,952
军,451,953
鼓,450,954
警,450,955
感,446,956
晓,446,957
雅,445,958
泰,445,959
座,445,960
翻,444,961
辉,443,962
创,442,963
燕,441,964
综,441,965
啊,439,966
崎,437,967
畅,437,968
x,436,969
真,435,970
洋,435,971
旺,435,972
界,433,973
各,431,974
碍,430,975
央,429,976
拒,429,977
秀,427,978
府,425,979
适,424,980
跑,423,981
色,423,982
范,422,983
壁,422,984
庭,421,985
伟,421,986
层,419,987
仅,418,988
盟,417,989
昌,415,990
剪,415,991
塔,414,992
捆,413,993
育,413,994
戏,409,995
担,409,996
隆,408,997
吕,408,998
讲,408,999
郑,403,1000
殊,401,1001
澳,398,1002
禹,395,1003
它,395,1004
沿,394,1005
怀,392,1006
尊,392,1007
携,386,1008
鹤,386,1009
苏,385,1010
酒,385,1011
佳,381,1012
举,381,1013
Z,381,1014
孚,378,1015
降,378,1016
执,378,1017
涂,371,1018
郭,368,1019
荣,367,1020
晟,366,1021
漳,366,1022
医,363,1023
群,363,1024
隔,362,1025
插,358,1026
允,356,1027
农,355,1028
洲,354,1029
瑞,354,1030
乌,351,1031
歉,347,1032
—,346,1033
j,344,1034
玲,340,1035
忘,339,1036
例,339,1037
仔,335,1038
独,335,1039
斌,335,1040
衡,334,1041
牌,333,1042
滤,333,1043
益,332,1044
难,331,1045
荐,330,1046
考,328,1047
潘,327,1048
财,327,1049
德,325,1050
足,324,1051
匿,322,1052
深,321,1053
货,321,1054
夏,320,1055
罗,314,1056
嫌,314,1057
授,314,1058
池,311,1059
赖,311,1060
峰,311,1061
恶,311,1062
武,310,1063
渡,310,1064
	,310,1065
鉴,310,1066
构,309,1067
圩,308,1068
京,307,1069
蓝,307,1070
粉,303,1071
县,301,1072
绝,296,1073
梅,295,1074
浪,294,1075
坪,292,1076
私,290,1077
获,290,1078
锁,287,1079
飞,287,1080
针,286,1081
儿,285,1082
秋,285,1083
零,285,1084
匹,285,1085
艺,284,1086
虎,284,1087
严,283,1088
紧,282,1089
叠,280,1090
吧,279,1091
凭,278,1092
聊,278,1093
寨,277,1094
毅,277,1095
油,277,1096
像,274,1097
贴,274,1098
嵩,274,1099
亮,274,1100
敏,273,1101
顺,273,1102
夜,270,1103
珠,268,1104
芯,267,1105
晶,266,1106
铁,263,1107
监,262,1108
死,261,1109
击,260,1110
松,260,1111
隐,259,1112
露,259,1113
封,259,1114
岩,258,1115
玩,257,1116
纪,257,1117
占,255,1118
慧,255,1119
森,255,1120
蓉,255,1121
力,254,1122
纵,254,1123
酷,254,1124
阁,253,1125
拍,252,1126
宏,252,1127
玉,250,1128
横,250,1129
茂,250,1130
瑶,250,1131
丰,250,1132
阿,249,1133
宾,249,1134
盈,247,1135
毕,247,1136
莆,246,1137
忠,245,1138
炬,243,1139
·,243,1140
跳,242,1141
垂,241,1142
槟,240,1143
庆,237,1144
孙,236,1145
杰,236,1146
宇,235,1147
拖,235,1148
亚,235,1149
裕,234,1150
诚,233,1151
串,231,1152
芳,230,1153
》,230,1154
浔,228,1155
墅,227,1156
唐,227,1157
烨,226,1158
策,225,1159
宫,224,1160
风,223,1161
斗,223,1162
豪,222,1163
树,222,1164
k,222,1165
Ｔ,221,1166
览,219,1167
宜,219,1168
避,218,1169
榔,217,1170
雪,217,1171
纯,217,1172
１,216,1173
恒,216,1174
埭,215,1175
灯,214,1176
劣,214,1177
宣,213,1178
兰,213,1179
职,213,1180
评,213,1181
婷,212,1182
拟,211,1183
序,211,1184
Ｉ,209,1185
虑,209,1186
绿,208,1187
临,208,1188
删,208,1189
挽,208,1190
俊,206,1191
仁,205,1192
峡,205,1193
琴,205,1194
勘,204,1195
振,202,1196
辑,201,1197
土,200,1198
填,200,1199
干,199,1200
馆,197,1201
浏,197,1202
健,197,1203
榜,195,1204
寿,194,1205
y,193,1206
倒,193,1207
碧,192,1208
倍,192,1209
圣,192,1210
函,191,1211
嘟,191,1212
０,190,1213
滞,189,1214
券,189,1215
苹,189,1216
角,188,1217
銮,188,1218
善,187,1219
律,187,1220
《,187,1221
冻,186,1222
虹,186,1223
盘,186,1224
徐,186,1225
旅,185,1226
Ｖ,185,1227
末,185,1228
窗,184,1229
概,184,1230
球,183,1231
凯,183,1232
覆,182,1233
察,182,1234
桂,181,1235
亡,180,1236
板,180,1237
闽,179,1238
腾,179,1239
奇,179,1240
押,176,1241
铺,176,1242
硬,176,1243
鹏,175,1244
朱,174,1245
险,173,1246
邱,173,1247
递,173,1248
某,172,1249
邻,172,1250
添,172,1251
列,172,1252
捷,170,1253
灶,169,1254
似,169,1255
挖,169,1256
勇,168,1257
遥,168,1258
欣,168,1259
饼,167,1260
季,167,1261
君,167,1262
尔,166,1263
淘,166,1264
<,164,1265
刷,164,1266
御,164,1267
奖,163,1268
索,163,1269
赵,163,1270
侧,162,1271
仑,162,1272
黎,161,1273
河,161,1274
圆,161,1275
极,159,1276
跨,159,1277
屋,158,1278
言,158,1279
辅,158,1280
穆,158,1281
括,157,1282
教,157,1283
趟,157,1284
威,157,1285
切,156,1286
勤,155,1287
莫,155,1288
招,155,1289
彻,155,1290
沙,154,1291
娟,153,1292
侣,152,1293
拜,151,1294
患,151,1295
础,150,1296
链,149,1297
搬,149,1298
胡,149,1299
冠,148,1300
历,147,1301
秒,146,1302
抽,146,1303
形,146,1304
泥,146,1305
泄,145,1306
妙,145,1307
挡,145,1308
骂,144,1309
压,144,1310
眼,143,1311
读,142,1312
圳,142,1313
汀,142,1314
珊,141,1315
‘,141,1316
莉,140,1317
垅,139,1318
萍,139,1319
演,138,1320
衰,137,1321
敬,137,1322
温,135,1323
嶝,135,1324
骏,134,1325
',134,1326
润,134,1327
兵,133,1328
＞,133,1329
帽,132,1330
翠,132,1331
掌,132,1332
牵,132,1333
搜,131,1334
裸,131,1335
拔,130,1336
聚,130,1337
休,130,1338
耀,129,1339
浩,129,1340
岑,129,1341
$,129,1342
遇,129,1343
鼎,128,1344
挥,128,1345
抬,128,1346
珩,128,1347
忽,128,1348
良,128,1349
防,128,1350
霸,128,1351
啥,128,1352
亿,127,1353
凌,127,1354
宋,127,1355
稍,126,1356
呆,125,1357
剑,125,1358
虽,124,1359
食,124,1360
翟,123,1361
困,123,1362
漏,123,1363
姐,123,1364
卫,122,1365
纠,122,1366
父,121,1367
杜,121,1368
散,120,1369
欧,120,1370
垃,120,1371
圾,120,1372
旗,119,1373
擅,119,1374
拦,119,1375
阻,118,1376
练,118,1377
静,117,1378
键,117,1379
盗,117,1380
朝,116,1381
柏,115,1382
阅,115,1383
炉,114,1384
筑,114,1385
嘛,114,1386
郡,114,1387
２,113,1388
靓,113,1389
齐,113,1390
危,113,1391
杂,113,1392
z,113,1393
纸,112,1394
岗,112,1395
破,111,1396
皇,111,1397
芬,110,1398
桐,110,1399
闲,110,1400
川,109,1401
架,109,1402
竹,109,1403
抢,109,1404
病,109,1405
董,109,1406
吉,108,1407
旭,108,1408
娜,108,1409
乡,108,1410
汉,108,1411
乾,107,1412
搞,107,1413
史,107,1414
旬,107,1415
卢,106,1416
沈,106,1417
尝,105,1418
晨,104,1419
彭,104,1420
呀,104,1421
汽,104,1422
甲,103,1423
岁,102,1424
幸,102,1425
墩,102,1426
神,102,1427
聪,102,1428
刮,101,1429
脱,101,1430
耐,101,1431
皮,101,1432
洞,101,1433
肖,100,1434
抛,100,1435
菜,99,1436
毛,98,1437
触,98,1438
馨,97,1439
赶,97,1440
琳,97,1441
芙,96,1442
既,96,1443
媒,96,1444
铜,96,1445
稽,95,1446
暗,95,1447
母,95,1448
胜,95,1449
珍,94,1450
刻,94,1451
耗,94,1452
玺,94,1453
悠,93,1454
扫,93,1455
巴,93,1456
仓,91,1457
培,91,1458
怡,90,1459
颜,90,1460
沃,90,1461
谷,90,1462
琼,90,1463
誉,90,1464
默,89,1465
邹,89,1466
梁,89,1467
舰,89,1468
靠,88,1469
钻,88,1470
治,88,1471
弘,87,1472
曝,87,1473
累,87,1474
幼,86,1475
遍,86,1476
简,85,1477
贞,85,1478
彬,85,1479
怕,84,1480
贷,84,1481
浮,83,1482
泽,83,1483
廖,82,1484
波,82,1485
砖,81,1486
轮,81,1487
雨,81,1488
追,81,1489
训,81,1490
雯,81,1491
喜,80,1492
丹,80,1493
魏,80,1494
冒,80,1495
孔,80,1496
辆,80,1497
袁,79,1498
熟,79,1499
般,79,1500
男,78,1501
弹,78,1502
境,78,1503
巧,78,1504
浒,78,1505
{,77,1506
征,77,1507
镓,77,1508
卧,77,1509
爽,77,1510
判,77,1511
堂,76,1512
鸡,76,1513
画,76,1514
滴,75,1515
５,75,1516
灰,75,1517
族,74,1518
砸,74,1519
踪,74,1520
粗,74,1521
顿,74,1522
夫,74,1523
丁,74,1524
偶,73,1525
橡,73,1526
俩,73,1527
童,73,1528
赛,73,1529
舫,72,1530
谅,72,1531
晖,72,1532
},72,1533
陌,72,1534
汪,71,1535
坡,71,1536
督,71,1537
疾,71,1538
媛,71,1539
令,70,1540
纺,70,1541
煜,70,1542
骤,70,1543
岐,69,1544
浙,69,1545
席,69,1546
②,69,1547
豆,69,1548
坐,68,1549
锣,68,1550
’,68,1551
闹,68,1552
舜,67,1553
礁,67,1554
济,67,1555
射,67,1556
邓,66,1557
炳,66,1558
究,66,1559
卿,66,1560
戴,66,1561
渐,66,1562
９,66,1563
紫,66,1564
歌,66,1565
拓,66,1566
木,66,1567
斯,66,1568
剧,66,1569
芸,65,1570
残,65,1571
幢,65,1572
挪,65,1573
战,64,1574
害,64,1575
诿,64,1576
磁,64,1577
雄,64,1578
妈,64,1579
锋,64,1580
贤,64,1581
蛋,64,1582
凰,63,1583
胁,63,1584
铭,62,1585
唯,62,1586
卓,62,1587
烧,62,1588
庙,62,1589
脚,61,1590
略,61,1591
４,61,1592
阙,61,1593
轻,61,1594
穿,60,1595
邦,60,1596
堡,60,1597
顾,60,1598
泗,60,1599
糟,60,1600
艳,59,1601
柑,59,1602
３,59,1603
甚,59,1604
乎,59,1605
旦,58,1606
－,58,1607
素,58,1608
韵,58,1609
谊,58,1610
哈,58,1611
距,58,1612
Ｇ,58,1613
淑,57,1614
咬,57,1615
梨,57,1616
扔,57,1617
栏,57,1618
虾,56,1619
党,56,1620
遮,56,1621
履,56,1622
坝,56,1623
８,56,1624
竟,55,1625
透,55,1626
偷,55,1627
晋,55,1628
句,55,1629
庵,55,1630
鲁,54,1631
钧,54,1632
煌,54,1633
巨,54,1634
冷,54,1635
崔,53,1636
６,53,1637
炸,53,1638
糊,53,1639
薇,53,1640
堤,53,1641
克,53,1642
〔,53,1643
〕,53,1644
曹,53,1645
雷,53,1646
哦,53,1647
饭,53,1648
敢,52,1649
婆,52,1650
耽,52,1651
酌,52,1652
鳌,52,1653
翡,52,1654
Ｍ,52,1655
驻,52,1656
蒋,52,1657
俗,51,1658
堆,51,1659
绣,51,1660
妥,51,1661
叉,51,1662
吵,51,1663
药,51,1664
炫,50,1665
垄,50,1666
冬,50,1667
迪,50,1668
论,50,1669
柄,50,1670
薛,50,1671
缓,50,1672
灿,50,1673
抱,50,1674
祠,49,1675
…,49,1676
闻,49,1677
窟,49,1678
跃,49,1679
姚,49,1680
碰,49,1681
鼠,49,1682
冯,48,1683
祖,48,1684
滩,48,1685
琪,48,1686
坊,48,1687
睡,48,1688
欲,48,1689
涵,47,1690
梓,47,1691
习,47,1692
橙,47,1693
斜,47,1694
坤,46,1695
戚,46,1696
侵,46,1697
吃,46,1698
磊,46,1699
绳,46,1700
埕,46,1701
届,45,1702
卸,45,1703
养,45,1704
栐,45,1705
莹,45,1706
柱,45,1707
怪,45,1708
津,44,1709
废,44,1710
研,44,1711
榕,44,1712
邸,44,1713
宵,44,1714
轰,44,1715
谈,44,1716
倩,43,1717
惑,43,1718
丙,43,1719
犯,43,1720
婚,43,1721
背,43,1722
炜,43,1723
辽,43,1724
塞,43,1725
钮,43,1726
ｖ,42,1727
迹,42,1728
忆,42,1729
翁,42,1730
菲,42,1731
宗,42,1732
贝,42,1733
仕,42,1734
闪,42,1735
迅,42,1736
帝,41,1737
势,41,1738
尼,41,1739
窑,41,1740
摄,41,1741
．,41,1742
辱,41,1743
枝,41,1744
守,41,1745
洁,41,1746
熙,41,1747
朴,41,1748
纽,41,1749
悉,41,1750
夷,40,1751
毒,40,1752
遗,40,1753
寮,40,1754
踢,40,1755
晰,40,1756
佰,40,1757
乔,40,1758
７,39,1759
汤,39,1760
牛,39,1761
伍,39,1762
弟,39,1763
迎,38,1764
诊,38,1765
衍,38,1766
谓,38,1767
草,38,1768
扩,38,1769
撞,37,1770
弃,37,1771
枢,37,1772
阀,37,1773
轨,37,1774
婕,37,1775
刁,37,1776
堵,37,1777
缠,36,1778
币,36,1779
茶,36,1780
诗,36,1781
秦,36,1782
鹿,36,1783
韩,36,1784
扯,36,1785
赢,36,1786
圈,36,1787
寻,36,1788
噪,36,1789
瞳,35,1790
涛,35,1791
罚,35,1792
幕,35,1793
疗,35,1794
钎,35,1795
妻,35,1796
哟,35,1797
替,35,1798
钢,35,1799
妨,35,1800
龄,35,1801
妹,34,1802
辛,34,1803
昆,34,1804
渔,34,1805
泊,34,1806
伸,34,1807
玛,33,1808
奥,33,1809
庚,33,1810
杭,33,1811
蚁,33,1812
蚂,33,1813
狮,33,1814
辰,33,1815
娇,33,1816
辞,33,1817
歧,33,1818
救,33,1819
悔,33,1820
慈,32,1821
植,32,1822
昕,32,1823
貌,32,1824
拥,32,1825
梦,32,1826
尤,32,1827
￥,32,1828
甘,32,1829
饰,32,1830
估,32,1831
债,32,1832
吓,32,1833
臻,32,1834
勿,32,1835
荷,31,1836
哥,31,1837
烊,31,1838
爆,31,1839
钦,31,1840
伤,31,1841
纹,31,1842
趣,31,1843
敷,31,1844
厚,30,1845
婉,30,1846
伦,30,1847
篮,30,1848
笑,30,1849
枫,30,1850
锐,30,1851
巢,30,1852
混,30,1853
舒,30,1854
熊,29,1855
琦,29,1856
瑜,29,1857
蜜,29,1858
劵,29,1859
澄,29,1860
饶,29,1861
禁,29,1862
摩,29,1863
奈,29,1864
埋,29,1865
冰,29,1866
驾,28,1867
恐,28,1868
饮,28,1869
珑,28,1870
钥,28,1871
卷,28,1872
艾,28,1873
甜,28,1874
绕,28,1875
挺,28,1876
俞,27,1877
咋,27,1878
炎,27,1879
番,27,1880
棋,27,1881
蔚,27,1882
搭,27,1883
帖,27,1884
碎,27,1885
诱,27,1886
葛,26,1887
碑,26,1888
净,26,1889
祝,26,1890
恭,26,1891
逸,26,1892
鸣,26,1893
栈,26,1894
瞒,26,1895
墘,26,1896
污,25,1897
脏,25,1898
昭,25,1899
霜,25,1900
詹,25,1901
裂,25,1902
爸,25,1903
愤,25,1904
味,25,1905
抓,25,1906
盾,25,1907
坛,25,1908
械,25,1909
阮,25,1910
璐,25,1911
奕,25,1912
勾,25,1913
劫,25,1914
拘,25,1915
摇,25,1916
迫,25,1917
曲,25,1918
劲,25,1919
赤,24,1920
霖,24,1921
劳,24,1922
ｉ,24,1923
轩,24,1924
杯,24,1925
璇,24,1926
羽,24,1927
鬼,24,1928
凡,24,1929
笃,24,1930
浯,24,1931
伴,24,1932
摊,24,1933
课,24,1934
啦,24,1935
寒,24,1936
腿,23,1937
廷,23,1938
陶,23,1939
脸,23,1940
烟,23,1941
夹,23,1942
烂,23,1943
吊,23,1944
谦,23,1945
芷,23,1946
暴,23,1947
偏,23,1948
妮,23,1949
洗,23,1950
］,23,1951
［,23,1952
毫,23,1953
槽,23,1954
狗,22,1955
悬,22,1956
颖,22,1957
措,22,1958
畔,22,1959
麦,22,1960
聘,22,1961
猪,22,1962
恳,22,1963
贺,22,1964
亨,22,1965
吹,22,1966
婧,22,1967
胶,22,1968
鲤,22,1969
佩,22,1970
袋,21,1971
框,21,1972
忍,21,1973
船,21,1974
阶,21,1975
彼,21,1976
旋,21,1977
刀,21,1978
寰,21,1979
沪,21,1980
野,21,1981
抚,21,1982
凶,21,1983
丘,21,1984
伙,21,1985
悟,21,1986
储,21,1987
刺,21,1988
彦,21,1989
妇,21,1990
铠,21,1991
盐,21,1992
典,21,1993
讨,21,1994
尧,21,1995
侯,20,1996
仟,20,1997
玮,20,1998
雍,20,1999
署,20,2000
濠,20,2001
鲜,20,2002
仪,20,2003
＋,20,2004
珀,20,2005
茹,20,2006
岱,20,2007
娱,20,2008
摆,19,2009
①,19,2010
禧,19,2011
惩,19,2012
磐,19,2013
聂,19,2014
麟,19,2015
菡,19,2016
塑,19,2017
蔬,19,2018
棕,19,2019
榄,19,2020
郁,19,2021
励,19,2022
命,19,2023
逼,19,2024
塌,19,2025
邵,18,2026
蒙,18,2027
桃,18,2028
谐,18,2029
雁,18,2030
隘,18,2031
锅,18,2032
熔,18,2033
巾,18,2034
肃,18,2035
匙,18,2036
沉,18,2037
樊,18,2038
莎,18,2039
丈,18,2040
橄,18,2041
鹅,18,2042
挑,18,2043
莱,18,2044
奔,18,2045
Ｃ,18,2046
晗,18,2047
湘,18,2048
琥,18,2049
藏,18,2050
醉,17,2051
鸾,17,2052
珺,17,2053
杠,17,2054
寺,17,2055
胞,17,2056
床,17,2057
赚,17,2058
拼,17,2059
睿,17,2060
汕,17,2061
桶,17,2062
瓷,17,2063
耳,17,2064
羡,17,2065
衣,17,2066
毁,17,2067
丝,17,2068
潮,17,2069
傲,17,2070
傍,16,2071
徽,16,2072
矛,16,2073
逾,16,2074
炮,16,2075
钰,16,2076
铝,16,2077
耍,16,2078
蒂,16,2079
炒,16,2080
曦,16,2081
陀,16,2082
狂,16,2083
郦,16,2084
狼,16,2085
滚,16,2086
恩,16,2087
遣,15,2088
筒,15,2089
衷,15,2090
骆,15,2091
摔,15,2092
苦,15,2093
循,15,2094
淋,15,2095
剃,15,2096
援,15,2097
遭,15,2098
逃,15,2099
震,15,2100
苗,15,2101
蜂,15,2102
闷,15,2103
扶,15,2104
疏,15,2105
菁,15,2106
姆,15,2107
析,15,2108
傻,15,2109
瑚,15,2110
梵,14,2111
搪,14,2112
杀,14,2113
镜,14,2114
恼,14,2115
刑,14,2116
唱,14,2117
宛,14,2118
～,14,2119
念,14,2120
柳,14,2121
杉,14,2122
怒,14,2123
摘,14,2124
哲,14,2125
纲,14,2126
亏,14,2127
潭,14,2128
雀,14,2129
闸,14,2130
龚,14,2131
樱,14,2132
鸟,14,2133
竺,14,2134
贾,14,2135
玫,14,2136
孝,14,2137
倪,14,2138
煲,14,2139
兼,14,2140
辐,14,2141
靖,14,2142
菊,13,2143
Ａ,13,2144
墨,13,2145
舟,13,2146
瑰,13,2147
曼,13,2148
窨,13,2149
纷,13,2150
茵,13,2151
仲,13,2152
溢,13,2153
瘫,13,2154
爷,13,2155
瑾,13,2156
痪,13,2157
歪,13,2158
疯,13,2159
晃,13,2160
厉,13,2161
卉,13,2162
蔗,13,2163
巡,12,2164
俱,12,2165
词,12,2166
掏,12,2167
潇,12,2168
荧,12,2169
乙,12,2170
遵,12,2171
革,12,2172
壶,12,2173
瑙,12,2174
囷,12,2175
焕,12,2176
厨,12,2177
粮,12,2178
褒,12,2179
＆,12,2180
燃,12,2181
逗,12,2182
峥,12,2183
赣,12,2184
Ｐ,12,2185
缔,12,2186
孟,12,2187
蛮,12,2188
楠,12,2189
碗,12,2190
渊,12,2191
蕊,12,2192
嘻,12,2193
肥,12,2194
忧,12,2195
顽,12,2196
涨,12,2197
漠,12,2198
阱,12,2199
簿,11,2200
颐,11,2201
掘,11,2202
豚,11,2203
敲,11,2204
玖,11,2205
敦,11,2206
隍,11,2207
棚,11,2208
驶,11,2209
瓶,11,2210
娥,11,2211
牙,11,2212
氓,11,2213
夺,11,2214
攻,11,2215
廊,11,2216
寅,11,2217
荆,11,2218
隧,11,2219
捕,11,2220
瞎,11,2221
湫,11,2222
暖,11,2223
灾,11,2224
懒,11,2225
恋,11,2226
霄,11,2227
凝,11,2228
饿,11,2229
恺,11,2230
昂,11,2231
焦,11,2232
莞,11,2233
怨,11,2234
奉,11,2235
嗨,10,2236
陕,10,2237
奶,10,2238
&,10,2239
郊,10,2240
宸,10,2241
Ｂ,10,2242
鹊,10,2243
喝,10,2244
鸭,10,2245
谱,10,2246
钉,10,2247
钩,10,2248
彪,10,2249
垫,10,2250
弯,10,2251
扎,10,2252
抖,10,2253
③,10,2254
谭,10,2255
飘,10,2256
赁,10,2257
娘,10,2258
谨,10,2259
巍,10,2260
惯,10,2261
璀,10,2262
曜,10,2263
掐,10,2264
淡,10,2265
糖,10,2266
翰,10,2267
泓,10,2268
璨,10,2269
毓,10,2270
疆,10,2271
灭,10,2272
樟,10,2273
皆,10,2274
竞,10,2275
盲,10,2276
渤,10,2277
瀚,10,2278
睛,10,2279
棉,10,2280
著,10,2281
拐,10,2282
桌,10,2283
曙,9,2284
狱,9,2285
伊,9,2286
泳,9,2287
浅,9,2288
谋,9,2289
浴,9,2290
＃,9,2291
搁,9,2292
`,9,2293
蓄,9,2294
愚,9,2295
伯,9,2296
淳,9,2297
诶,9,2298
谩,9,2299
斤,9,2300
佘,9,2301
爵,9,2302
槛,9,2303
赞,9,2304
廉,9,2305
赏,9,2306
萝,9,2307
薪,9,2308
昊,9,2309
琐,9,2310
歇,9,2311
瓦,9,2312
役,9,2313
佛,9,2314
璃,9,2315
盼,9,2316
弧,9,2317
呵,9,2318
芮,9,2319
厕,9,2320
苍,9,2321
Ｏ,9,2322
芝,9,2323
Ｒ,9,2324
嗲,8,2325
桢,8,2326
撬,8,2327
矿,8,2328
撕,8,2329
魔,8,2330
罪,8,2331
俄,8,2332
鲍,8,2333
茜,8,2334
鞋,8,2335
澎,8,2336
孕,8,2337
庁,8,2338
薄,8,2339
竖,8,2340
谎,8,2341
擦,8,2342
堪,8,2343
帆,8,2344
睬,8,2345
粟,8,2346
挠,8,2347
吸,8,2348
亦,8,2349
咖,8,2350
亘,8,2351
籁,8,2352
涌,8,2353
霆,8,2354
泡,8,2355
窃,8,2356
莺,8,2357
剔,8,2358
氏,8,2359
幻,8,2360
揽,8,2361
辖,8,2362
侠,8,2363
ｏ,8,2364
姜,8,2365
牧,8,2366
骑,8,2367
芒,8,2368
屡,8,2369
磨,8,2370
颂,8,2371
翊,8,2372
痴,8,2373
牡,8,2374
圃,8,2375
羊,8,2376
伪,8,2377
捡,8,2378
澜,8,2379
贪,8,2380
艇,8,2381
禄,8,2382
魁,8,2383
辈,8,2384
萃,8,2385
卦,8,2386
吾,8,2387
哎,8,2388
迈,8,2389
驴,7,2390
钊,7,2391
铛,7,2392
沅,7,2393
骄,7,2394
芹,7,2395
榈,7,2396
娅,7,2397
赟,7,2398
晴,7,2399
陵,7,2400
驱,7,2401
婵,7,2402
姑,7,2403
萌,7,2404
瓜,7,2405
钨,7,2406
吐,7,2407
ｐ,7,2408
晒,7,2409
骨,7,2410
請,7,2411
ｔ,7,2412
淇,7,2413
鹰,7,2414
給,7,2415
呈,7,2416
玥,7,2417
峻,7,2418
恬,7,2419
砍,7,2420
搏,7,2421
罢,7,2422
仿,7,2423
蔺,7,2424
蒲,7,2425
勉,7,2426
柿,7,2427
惕,7,2428
秘,7,2429
裙,7,2430
泛,7,2431
熳,7,2432
锡,7,2433
鄙,7,2434
墟,7,2435
绮,7,2436
辩,7,2437
玻,7,2438
祺,7,2439
邀,7,2440
铸,7,2441
慎,7,2442
墓,7,2443
矫,7,2444
滕,6,2445
佑,6,2446
胖,6,2447
媳,6,2448
伏,6,2449
佐,6,2450
棠,6,2451
屉,6,2452
柬,6,2453
咧,6,2454
瞬,6,2455
霍,6,2456
漂,6,2457
迷,6,2458
娴,6,2459
秤,6,2460
朗,6,2461
僻,6,2462
兄,6,2463
吼,6,2464
椅,6,2465
電,6,2466
侮,6,2467
驿,6,2468
帅,6,2469
歆,6,2470
痕,6,2471
锄,6,2472
努,6,2473
嘀,6,2474
洽,6,2475
洛,6,2476
攒,6,2477
舞,6,2478
衙,6,2479
喋,6,2480
冈,6,2481
→,6,2482
阉,6,2483
壳,6,2484
壹,6,2485
琛,6,2486
琨,6,2487
猎,6,2488
搅,6,2489
籍,6,2490
芗,6,2491
捣,6,2492
绊,6,2493
牢,6,2494
慰,6,2495
郎,6,2496
诸,6,2497
愉,6,2498
探,6,2499
液,6,2500
坦,6,2501
惜,6,2502
惊,6,2503
Ｄ,6,2504
狡,6,2505
舶,6,2506
蓓,6,2507
糕,6,2508
岔,6,2509
阴,6,2510
叹,6,2511
啡,6,2512
耷,6,2513
ｇ,6,2514
膜,6,2515
凉,6,2516
陪,6,2517
昱,6,2518
蛛,6,2519
啰,6,2520
姗,6,2521
奎,6,2522
旷,6,2523
逮,6,2524
夸,6,2525
芩,6,2526
胎,5,2527
卤,5,2528
腐,5,2529
厘,5,2530
岂,5,2531
榭,5,2532
屁,5,2533
潜,5,2534
狐,5,2535
躺,5,2536
匆,5,2537
柒,5,2538
婴,5,2539
姿,5,2540
熬,5,2541
犹,5,2542
屯,5,2543
吞,5,2544
淼,5,2545
盆,5,2546
逻,5,2547
尘,5,2548
嗦,5,2549
遂,5,2550
刊,5,2551
汗,5,2552
眠,5,2553
璟,5,2554
沓,5,2555
沛,5,2556
僚,5,2557
僵,5,2558
俺,5,2559
铂,5,2560
辣,5,2561
韦,5,2562
舨,5,2563
洐,5,2564
阵,5,2565
妆,5,2566
腊,5,2567
煤,5,2568
嫔,5,2569
冤,5,2570
逐,5,2571
茅,5,2572
吱,5,2573
劼,5,2574
缝,5,2575
岚,5,2576
篇,5,2577
禤,5,2578
Ｎ,5,2579
稻,5,2580
稷,5,2581
挨,5,2582
彤,5,2583
译,5,2584
稀,5,2585
丛,5,2586
蜀,5,2587
纱,5,2588
昵,5,2589
篡,5,2590
袭,5,2591
蕾,5,2592
篷,5,2593
朵,5,2594
翘,5,2595
摁,5,2596
豫,5,2597
斐,5,2598
麒,5,2599
耻,5,2600
敖,5,2601
仰,5,2602
晏,5,2603
拱,5,2604
蹭,5,2605
號,5,2606
暑,5,2607
抗,5,2608
拽,5,2609
拾,5,2610
虫,5,2611
晕,5,2612
庸,5,2613
耿,5,2614
穴,5,2615
Ｕ,5,2616
∩,4,2617
庐,4,2618
荫,4,2619
螺,4,2620
姬,4,2621
阜,4,2622
弥,4,2623
汁,4,2624
皓,4,2625
乃,4,2626
蜘,4,2627
魅,4,2628
這,4,2629
臣,4,2630
昇,4,2631
乘,4,2632
晤,4,2633
筹,4,2634
腻,4,2635
逢,4,2636
筱,4,2637
殖,4,2638
甫,4,2639
逝,4,2640
痛,4,2641
歹,4,2642
茗,4,2643
血,4,2644
酸,4,2645
叁,4,2646
讼,4,2647
焜,4,2648
铲,4,2649
収,4,2650
铨,4,2651
扑,4,2652
Ｑ,4,2653
烫,4,2654
绵,4,2655
裹,4,2656
叽,4,2657
唧,4,2658
覃,4,2659
抄,4,2660
吟,4,2661
钓,4,2662
話,4,2663
釵,4,2664
瀛,4,2665
咕,4,2666
扇,4,2667
戶,4,2668
琅,4,2669
绩,4,2670
撒,4,2671
浇,4,2672
献,4,2673
摸,4,2674
垚,4,2675
脾,4,2676
袖,4,2677
惨,4,2678
闫,4,2679
匪,4,2680
坉,4,2681
裝,4,2682
镖,4,2683
纶,4,2684
掀,4,2685
懋,4,2686
爬,4,2687
裴,4,2688
嚣,4,2689
燎,4,2690
锈,4,2691
庇,4,2692
砌,4,2693
葆,4,2694
轧,4,2695
尬,4,2696
梠,4,2697
尴,4,2698
寥,4,2699
踏,4,2700
枉,4,2701
胸,4,2702
巫,4,2703
趋,4,2704
尹,4,2705
飙,4,2706
穗,4,2707
俪,4,2708
葵,4,2709
眉,4,2710
寸,4,2711
饺,4,2712
屈,4,2713
蓬,4,2714
儒,4,2715
雾,4,2716
肉,4,2717
孜,4,2718
榆,4,2719
逊,4,2720
辜,4,2721
宠,4,2722
桩,4,2723
轿,4,2724
來,4,2725
蒸,4,2726
禽,4,2727
诽,3,2728
诞,3,2729
愣,3,2730
酋,3,2731
锻,3,2732
秉,3,2733
慌,3,2734
肩,3,2735
爹,3,2736
懿,3,2737
卑,3,2738
绐,3,2739
践,3,2740
鞍,3,2741
踩,3,2742
泸,3,2743
怠,3,2744
攀,3,2745
荒,3,2746
劈,3,2747
恕,3,2748
堀,3,2749
玄,3,2750
肠,3,2751
浆,3,2752
埃,3,2753
闵,3,2754
恰,3,2755
窝,3,2756
猜,3,2757
黛,3,2758
巩,3,2759
翎,3,2760
龟,3,2761
,3,2762
谆,3,2763
苔,3,2764
勋,3,2765
掩,3,2766
匀,3,2767
桉,3,2768
湿,3,2769
硕,3,2770
營,3,2771
滑,3,2772
钜,3,2773
誓,3,2774
哭,3,2775
磅,3,2776
滢,3,2777
哒,3,2778
滥,3,2779
缉,3,2780
岷,3,2781
伽,3,2782
咱,3,2783
漆,3,2784
咪,3,2785
咩,3,2786
拳,3,2787
祎,3,2788
吻,3,2789
拢,3,2790
｛,3,2791
抹,3,2792
｝,3,2793
呗,3,2794
唬,3,2795
為,3,2796
溯,3,2797
單,3,2798
佣,3,2799
捞,3,2800
噢,3,2801
翩,3,2802
柴,3,2803
嗯,3,2804
碼,3,2805
蔓,3,2806
轴,3,2807
嵘,3,2808
崴,3,2809
證,3,2810
叔,3,2811
柠,3,2812
铖,3,2813
崧,3,2814
Ｓ,3,2815
染,3,2816
蹈,3,2817
溜,3,2818
烃,3,2819
缀,3,2820
谤,3,2821
蝶,3,2822
丟,3,2823
饱,3,2824
棵,3,2825
泵,3,2826
檬,3,2827
赌,3,2828
璞,3,2829
時,3,2830
後,3,2831
靑,3,2832
徕,3,2833
弊,3,2834
機,3,2835
竿,3,2836
沁,3,2837
〉,3,2838
宴,3,2839
藤,3,2840
辨,3,2841
奢,3,2842
瓮,3,2843
瓯,3,2844
驗,3,2845
倆,3,2846
冉,3,2847
娃,3,2848
疫,3,2849
們,3,2850
奋,3,2851
凑,3,2852
脉,3,2853
凹,3,2854
宰,3,2855
饲,3,2856
夕,3,2857
瑛,3,2858
〈,3,2859
業,3,2860
樽,3,2861
膏,3,2862
雕,3,2863
妖,3,2864
脆,3,2865
肚,3,2866
衅,3,2867
妤,3,2868
榨,3,2869
―,3,2870
萨,3,2871
畲,3,2872
嫣,3,2873
荔,3,2874
糯,3,2875
內,3,2876
婿,3,2877
筛,3,2878
阔,3,2879
辦,3,2880
沒,3,2881
沣,3,2882
腰,3,2883
瞿,3,2884
秩,3,2885
肆,3,2886
竭,3,2887
筋,3,2888
耶,2,2889
叼,2,2890
铅,2,2891
隅,2,2892
烽,2,2893
缩,2,2894
烹,2,2895
笨,2,2896
叨,2,2897
頭,2,2898
叭,2,2899
馀,2,2900
烤,2,2901
胥,2,2902
伎,2,2903
炼,2,2904
窄,2,2905
窿,2,2906
澡,2,2907
缤,2,2908
缕,2,2909
祁,2,2910
ｓ,2,2911
缎,2,2912
聋,2,2913
驳,2,2914
乏,2,2915
磴,2,2916
瘦,2,2917
伞,2,2918
灏,2,2919
驰,2,2920
颅,2,2921
驭,2,2922
症,2,2923
碾,2,2924
冀,2,2925
缨,2,2926
＼,2,2927
脊,2,2928
炖,2,2929
炯,2,2930
胃,2,2931
骐,2,2932
芦,2,2933
疼,2,2934
煮,2,2935
當,2,2936
「,2,2937
鸽,2,2938
猛,2,2939
〇,2,2940
阖,2,2941
繫,2,2942
％,2,2943
勒,2,2944
□,2,2945
務,2,2946
伲,2,2947
」,2,2948
狄,2,2949
侦,2,2950
簧,2,2951
饪,2,2952
猴,2,2953
筝,2,2954
經,2,2955
珉,2,2956
琉,2,2957
玹,2,2958
,2,2959
紅,2,2960
矮,2,2961
俣,2,2962
胤,2,2963
劝,2,2964
≥,2,2965
網,2,2966
琊,2,2967
④,2,2968
獒,2,2969
門,2,2970
硅,2,2971
鸥,2,2972
臂,2,2973
碟,2,2974
臭,2,2975
厌,2,2976
肪,2,2977
肇,2,2978
罐,2,2979
飒,2,2980
翌,2,2981
煦,2,2982
冶,2,2983
Ｊ,2,2984
Ｋ,2,2985
畜,2,2986
無,2,2987
韬,2,2988
绞,2,2989
舆,2,2990
芃,2,2991
＝,2,2992
绘,2,2993
肋,2,2994
箔,2,2995
牟,2,2996
耕,2,2997
羞,2,2998
锰,2,2999
／,2,3000
鲨,2,3001
镂,2,3002
镒,2,3003
鞠,2,3004
窜,2,3005
拇,2,3006
蜗,2,3007
蕙,2,3008
悄,2,3009
娄,2,3010
搓,2,3011
棟,2,3012
囤,2,3013
趁,2,3014
鄢,2,3015
噶,2,3016
鄉,2,3017
鄂,2,3018
赐,2,3019
巽,2,3020
屑,2,3021
椒,2,3022
嚷,2,3023
巇,2,3024
梢,2,3025
梳,2,3026
惟,2,3027
溅,2,3028
揍,2,3029
嘈,2,3030
幅,2,3031
溃,2,3032
棍,2,3033
悖,2,3034
崩,2,3035
握,2,3036
嘴,2,3037
苎,2,3038
晾,2,3039
旨,2,3040
苟,2,3041
椰,2,3042
渝,2,3043
嫂,2,3044
逆,2,3045
邢,2,3046
坠,2,3047
嫩,2,3048
茬,2,3049
嫦,2,3050
帶,2,3051
橦,2,3052
趴,2,3053
坯,2,3054
媚,2,3055
忒,2,3056
垠,2,3057
忌,2,3058
坞,2,3059
淀,2,3060
洵,2,3061
婊,2,3062
淞,2,3063
帧,2,3064
豹,2,3065
帘,2,3066
淦,2,3067
蝴,2,3068
淫,2,3069
洒,2,3070
幫,2,3071
怔,2,3072
淮,2,3073
泼,2,3074
郝,2,3075
宪,2,3076
嘎,2,3077
杲,2,3078
栗,2,3079
哼,2,3080
對,2,3081
唆,2,3082
妍,2,3083
挝,2,3084
挟,2,3085
栩,2,3086
毯,2,3087
挣,2,3088
葳,2,3089
栽,2,3090
喻,2,3091
醇,2,3092
昉,2,3093
栖,2,3094
栓,2,3095
讽,2,3096
蓁,2,3097
拌,2,3098
枭,2,3099
昧,2,3100
披,2,3101
咄,2,3102
詢,2,3103
拷,2,3104
奏,2,3105
抑,2,3106
廳,2,3107
謝,2,3108
襄,2,3109
晔,2,3110
哑,2,3111
栾,2,3112
垦,2,3113
菩,2,3114
葡,2,3115
夙,2,3116
峦,2,3117
寜,2,3118
喆,2,3119
喔,2,3120
萄,2,3121
喂,2,3122
拂,2,3123
彧,2,3124
沂,2,3125
過,2,3126
诟,2,3127
裤,2,3128
喊,2,3129
崇,2,3130
戳,2,3131
啪,2,3132
赫,2,3133
沐,2,3134
贯,2,3135
實,2,3136
汝,2,3137
桑,2,3138
聯,1,3139
蚀,1,3140
曈,1,3141
骅,1,3142
骁,1,3143
赴,1,3144
笙,1,3145
處,1,3146
廈,1,3147
虞,1,3148
晞,1,3149
騻,1,3150
幽,1,3151
暇,1,3152
驹,1,3153
暾,1,3154
乜,1,3155
庞,1,3156
暨,1,3157
暧,1,3158
窍,1,3159
晦,1,3160
幺,1,3161
暘,1,3162
肤,1,3163
帼,1,3164
蹦,1,3165
颚,1,3166
颗,1,3167
祸,1,3168
蹚,1,3169
祯,1,3170
峪,1,3171
伐,1,3172
杺,1,3173
胆,1,3174
颈,1,3175
祟,1,3176
峙,1,3177
蹬,1,3178
馅,1,3179
颀,1,3180
岫,1,3181
祊,1,3182
枕,1,3183
蹲,1,3184
祉,1,3185
枞,1,3186
枣,1,3187
枧,1,3188
躁,1,3189
屹,1,3190
躬,1,3191
颠,1,3192
嵌,1,3193
東,1,3194
肾,1,3195
稿,1,3196
趾,1,3197
曰,1,3198
亩,1,3199
稚,1,3200
曳,1,3201
虐,1,3202
饵,1,3203
帕,1,3204
饴,1,3205
跆,1,3206
仄,1,3207
跌,1,3208
藐,1,3209
跤,1,3210
藉,1,3211
薰,1,3212
跪,1,3213
薯,1,3214
仗,1,3215
秃,1,3216
蕉,1,3217
蔸,1,3218
杧,1,3219
巅,1,3220
昶,1,3221
潼,1,3222
赎,1,3223
﹣,1,3224
羚,1,3225
懈,1,3226
裡,1,3227
憩,1,3228
義,1,3229
羲,1,3230
憑,1,3231
慷,1,3232
慕,1,3233
態,1,3234
袷,1,3235
纬,1,3236
﹨,1,3237
袍,1,3238
,1,3239
戎,1,3240
揪,1,3241
纫,1,3242
揭,1,3243
鼻,1,3244
纣,1,3245
續,1,3246
點,1,3247
谍,1,3248
黏,1,3249
撩,1,3250
麽,1,3251
綁,1,3252
衫,1,3253
麓,1,3254
懊,1,3255
绚,1,3256
絕,1,3257
扭,1,3258
訊,1,3259
ｗ,1,3260
拧,1,3261
記,1,3262
親,1,3263
詳,1,3264
ｎ,1,3265
ｍ,1,3266
ｆ,1,3267
ｃ,1,3268
ａ,1,3269
缅,1,3270
扳,1,3271
褚,1,3272
挎,1,3273
戒,1,3274
讳,1,3275
讹,1,3276
缪,1,3277
扒,1,3278
挤,1,3279
缮,1,3280
Ｌ,1,3281
扁,1,3282
绫,1,3283
捂,1,3284
Ｆ,1,3285
Ｅ,1,3286
捉,1,3287
捍,1,3288
恃,1,3289
擗,1,3290
弓,1,3291
耘,1,3292
於,1,3293
費,1,3294
資,1,3295
篼,1,3296
篱,1,3297
旌,1,3298
篓,1,3299
蜓,1,3300
鲲,1,3301
蜈,1,3302
箭,1,3303
彷,1,3304
丕,1,3305
贡,1,3306
旱,1,3307
鸯,1,3308
旸,1,3309
蛤,1,3310
彗,1,3311
魇,1,3312
贱,1,3313
蛎,1,3314
丫,1,3315
蛇,1,3316
蛀,1,3317
蚕,1,3318
弗,1,3319
丶,1,3320
笼,1,3321
髰,1,3322
蜻,1,3323
粘,1,3324
細,1,3325
蠢,1,3326
級,1,3327
納,1,3328
據,1,3329
鹍,1,3330
怖,1,3331
攜,1,3332
糠,1,3333
×,1,3334
–,1,3335
糙,1,3336
衔,1,3337
怄,1,3338
忻,1,3339
鹃,1,3340
粹,1,3341
徼,1,3342
Ⅰ,1,3343
Ⅴ,1,3344
蟹,1,3345
敌,1,3346
蟠,1,3347
粪,1,3348
粥,1,3349
粤,1,3350
蟑,1,3351
蟆,1,3352
鸷,1,3353
鸳,1,3354
斑,1,3355
螯,1,3356
屠,1,3357
梗,1,3358
屎,1,3359
锤,1,3360
犁,1,3361
镛,1,3362
镚,1,3363
郜,1,3364
牮,1,3365
镌,1,3366
渍,1,3367
镁,1,3368
渗,1,3369
卒,1,3370
協,1,3371
苛,1,3372
锯,1,3373
渣,1,3374
卜,1,3375
犬,1,3376
卞,1,3377
渭,1,3378
囧,1,3379
酥,1,3380
酱,1,3381
爪,1,3382
锟,1,3383
酶,1,3384
卻,1,3385
燊,1,3386
熹,1,3387
苓,1,3388
噩,1,3389
湛,1,3390
匡,1,3391
坍,1,3392
嘲,1,3393
闰,1,3394
泷,1,3395
削,1,3396
珈,1,3397
珅,1,3398
塎,1,3399
場,1,3400
堰,1,3401
闺,1,3402
堃,1,3403
玢,1,3404
邑,1,3405
浑,1,3406
垮,1,3407
舱,1,3408
垣,1,3409
坎,1,3410
垌,1,3411
狸,1,3412
茉,1,3413
坻,1,3414
勃,1,3415
涎,1,3416
坨,1,3417
涤,1,3418
涧,1,3419
狠,1,3420
狙,1,3421
勰,1,3422
淆,1,3423
淌,1,3424
噜,1,3425
煩,1,3426
珣,1,3427
哇,1,3428
滋,1,3429
唤,1,3430
唔,1,3431
炕,1,3432
唏,1,3433
钝,1,3434
唉,1,3435
吔,1,3436
钛,1,3437
哮,1,3438
醋,1,3439
苋,1,3440
芫,1,3441
钏,1,3442
哄,1,3443
酿,1,3444
咸,1,3445
鉄,1,3446
咛,1,3447
芭,1,3448
咙,1,3449
咔,1,3450
咏,1,3451
潍,1,3452
潦,1,3453
銘,1,3454
呐,1,3455
呻,1,3456
錡,1,3457
呙,1,3458
溶,1,3459
烁,1,3460
锇,1,3461
叙,1,3462
嘢,1,3463
厢,1,3464
煊,1,3465
嗣,1,3466
嗎,1,3467
焚,1,3468
喽,1,3469
铷,1,3470
焖,1,3471
喷,1,3472
溉,1,3473
溏,1,3474
焉,1,3475
喘,1,3476
芜,1,3477
問,1,3478
喉,1,3479
喇,1,3480
烩,1,3481
召,1,3482
啸,1,3483
叮,1,3484
钿,1,3485
苌,1,3486
钳,1,3487
烛,1,3488
芥,1,3489
啤,1,3490
啟,1,3491
啓,1,3492
珏,1,3493
邈,1,3494
屌,1,3495
椭,1,3496
瞧,1,3497
倡,1,3498
瞄,1,3499
睹,1,3500
棒,1,3501
棘,1,3502
棱,1,3503
眾,1,3504
眺,1,3505
迦,1,3506
脂,1,3507
眏,1,3508
迩,1,3509
椎,1,3510
孺,1,3511
倔,1,3512
孰,1,3513
傳,1,3514
孪,1,3515
盯,1,3516
僖,1,3517
椿,1,3518
楊,1,3519
萱,1,3520
楷,1,3521
脖,1,3522
盡,1,3523
霁,1,3524
楻,1,3525
嬛,1,3526
瞪,1,3527
迄,1,3528
盅,1,3529
葩,1,3530
柔,1,3531
頂,1,3532
轶,1,3533
響,1,3534
韶,1,3535
佟,1,3536
尺,1,3537
尖,1,3538
栎,1,3539
碌,1,3540
佶,1,3541
尉,1,3542
鞥,1,3543
砾,1,3544
寬,1,3545
個,1,3546
侶,1,3547
靳,1,3548
桓,1,3549
砂,1,3550
俐,1,3551
辗,1,3552
寇,1,3553
桦,1,3554
俨,1,3555
錄,1,3556
條,1,3557
俭,1,3558
矩,1,3559
矢,1,3560
盏,1,3561
皱,1,3562
現,1,3563
凿,1,3564
奴,1,3565
逞,1,3566
甥,1,3567
殴,1,3568
奠,1,3569
甄,1,3570
奚,1,3571
殷,1,3572
菇,1,3573
契,1,3574
毙,1,3575
菀,1,3576
璧,1,3577
氛,1,3578
連,1,3579
凃,1,3580
汰,1,3581
瑢,1,3582
汲,1,3583
瑟,1,3584
瑗,1,3585
夅,1,3586
壸,1,3587
沯,1,3588
墱,1,3589
阐,1,3590
墫,1,3591
荡,1,3592
阈,1,3593
還,1,3594
奸,1,3595
臧,1,3596
嫁,1,3597
隋,1,3598
榴,1,3599
婪,1,3600
腋,1,3601
萧,1,3602
腔,1,3603
隶,1,3604
癸,1,3605
瘾,1,3606
樣,1,3607
娶,1,3608
娣,1,3609
檐,1,3610
檯,1,3611
櫃,1,3612
權,1,3613
逛,1,3614
姨,1,3615
姣,1,3616
姝,1,3617
冕,1,3618
萤,1,3619
逑,1,3620
歘,1,3621
菱,1,3622
畴,1,3623
妞,1,3624
甸,1,3625
歺,1,3626
菏,1,3627
妃,1,3628
啼,1,3629
